{"accuracy": 0.9973630237327864, "precision": 0.9950101356619367, "recall": 0.9997258235086758, "f1": 0.9973624054861966, "time_elapsed": 4710.176965236664}