{"accuracy": 0.9897125370316111, "precision": 0.9853979791731107, "recall": 0.9941877096715471, "f1": 0.989773330399099, "time_elapsed": 837.0996406078339}