{"accuracy": 0.9981899274017645, "precision": 0.9964232025296771, "recall": 0.9999739888151905, "f1": 0.9981954379633116, "time_elapsed": 4709.710268497467}