{"accuracy": 0.07465572809844712, "precision": 0.07465572809844712, "recall": 1.0, "f1": 0.13893887343911882, "time_elapsed": 295.809121131897}