{"accuracy": 0.9976820653058567, "precision": 0.9954788060938957, "recall": 0.9999089134677944, "f1": 0.9976889419768634, "time_elapsed": 2404.447578191757}