{"accuracy": 0.9978513526711593, "precision": 0.9957106648469487, "recall": 1.0, "f1": 0.9978507229386478, "time_elapsed": 1630.7321112155914}