{"accuracy": 0.5004980955171403, "precision": 0.5004980955171403, "recall": 1.0, "f1": 0.6671092712645473, "time_elapsed": 296.3630588054657}