{"accuracy": 0.9253442719015529, "precision": 0.0, "recall": 0.0, "f1": 0.0, "time_elapsed": 57.675291299819946}