{"accuracy": 0.9982941042419508, "precision": 0.9966351318122404, "recall": 0.9999740296840711, "f1": 0.9983017889551465, "time_elapsed": 8342.960886478424}