{"accuracy": 0.9976234967803265, "precision": 0.9952546251153841, "recall": 1.0, "f1": 0.9976216695228353, "time_elapsed": 8477.53868508339}