{"accuracy": 0.9972718689976234, "precision": 0.9948882949739225, "recall": 0.9996740930008213, "f1": 0.9972754524114522, "time_elapsed": 841.4202618598938}