{"accuracy": 0.996972360582088, "precision": 0.9942160710596984, "recall": 0.9997792924375203, "f1": 0.9969899210906196, "time_elapsed": 1633.6990051269531}